scenerio,Category,Sub - mission,Level,Action,Entity,From,Time,Location,Task Objective,Objective Function,Hard Constraints,Soft Constraints
"An unidentified missile has been detected on radar, approaching the fleet at high speed. Its trajectory indicates a possible direct impact. All defense systems must be activated immediately to intercept the threat.",,,,,,,,,,,,
"A sailor has fallen overboard during rough weather conditions, with the ship traveling at high speed. Immediate recovery measures are essential to save the individual's life.",,,,,,,,,,,,
"During an active patrol in hostile waters, the primary propulsion system has failed, leaving the ship vulnerable to enemy detection. Swift action is required to restore operational capabilities.",,,,,,,,,,,,
"Smoke is emanating from the ammunition storage area, with the risk of an explosion increasing by the second. Rapid containment is critical to prevent a catastrophic incident.",,,,,,,,,,,,
"A torpedo has been launched from an enemy submarine, tracking towards the command vessel. Evasive maneuvers and countermeasures must be deployed without delay.",,,,,,,,,,,,
A crew member has collapsed due to a suspected cardiac arrest during a long-duration deployment. Immediate medical intervention and possible evacuation are necessary to save their life.,,,,,,,,,,,,
Communication systems have been jammed while the fleet is conducting a critical mission. Immediate action is needed to reestablish contact and avoid mission compromise.,,,,,,,,,,,,
An unidentified vessel is on a collision course with the flagship and is not responding to radio warnings. Immediate action is required to alter the course and avoid impact.,,,,,,,,,,,,
"Multiple hostile aircraft have been detected on radar, closing in on the fleet at high speed. Immediate deployment of anti-aircraft defenses is essential.",,,,,,,,,,,,
"A civilian vessel has sent a distress signal, reporting severe flooding and sinking during a storm. Immediate deployment of rescue boats and helicopters is necessary to save lives.",,,,,,,,,,,,
"A critical cybersecurity breach has been detected in the ship's navigation system, potentially compromising mission-critical data. Swift action is required to secure systems and prevent escalation.",,,,,,,,,,,,
An underwater mine has been spotted in the fleet's navigation path. Immediate course correction and mine disposal measures are necessary to prevent casualties.,,,,,,,,,,,,
"A fuel leak has been detected in one of the supply ships, posing a significant fire hazard. Rapid containment and repair efforts are essential.",,,,,,,,,,,,
"An unidentified submarine is shadowing the fleet, maintaining a dangerously close distance. Immediate action is required to identify the vessel and neutralize the threat.",,,,,,,,,,,,
"Signs of unrest among the crew have escalated to open conflict, threatening ship operations. Immediate measures must be taken to restore order and ensure the safety of the mission.",,,,,,,,,,,,
"During a routine patrol, a massive oil spill is detected spreading rapidly near a coastal region with rich marine biodiversity. Strong currents are pushing the oil towards a critical fish breeding ground. Immediate containment measures must be initiated to minimize ecological damage and avoid international backlash.",,,,,,,,,,,,
Reports indicate an unknown vessel attempting to close the distance with one of the supply ships under cover of darkness. The crew has spotted individuals preparing grappling equipment. Security teams must act swiftly to prevent a hostile boarding and protect critical assets.,,,,,,,,,,,,
"A sudden cyclone has struck the fleet, causing severe structural damage to smaller vessels. Communication with two ships has been lost, and lifeboats have been deployed. Immediate coordination is required to secure stranded personnel and stabilize the damaged ships.",,,,,,,,,,,,
"During routine checks in the nuclear-powered submarine, a radiation leak alarm has been triggered, with elevated levels detected in the control room. Crew evacuation from affected areas and rapid containment are critical to prevent widespread exposure.",,,,,,,,,,,,
"A civilian cargo ship has sent an SOS signal reporting an ongoing pirate attack. Armed intruders are onboard, and the crew is barricaded in the engine room. Immediate deployment of a naval response team is necessary to ensure crew safety and apprehend the attackers.",,,,,,,,,,,,
"Multiple enemy drones have been detected approaching the fleet from different angles, possibly equipped with surveillance or weaponry. Counter-drone measures must be initiated immediately to prevent compromise of fleet positions or critical damage.",,,,,,,,,,,,
"An explosion has occurred at the fleet's primary fuel depot, igniting several nearby storage tanks. The fire is spreading rapidly towards additional depots containing explosive materials. Emergency fire suppression and evacuation are paramount to avoid a disaster.",,,,,,,,,,,,
"In the middle of a high-stakes mission, the flagship's navigation system has suddenly failed, leaving the vessel adrift in treacherous waters with potential enemy mines. Immediate manual control and diagnostic efforts are critical to ensure safe navigation",,,,,,,,,,,,
"A sonar detection indicates an enemy submarine tailing the fleet, staying just outside engagement range. If left unchecked, it could strike at a moment’s notice. Immediate anti-submarine warfare measures must be initiated to neutralize the threat",,,,,,,,,,,,
Routine testing of the onboard water supply has revealed contamination levels high enough to pose a serious health risk to the crew. Immediate action is required to secure alternative water sources and purify the existing supply to prevent widespread illness.,,,,,,,,,,,,
"A secure communication channel has been compromised, with enemy forces gaining access to sensitive mission details. Rapid counter-intelligence operations must be launched to contain the breach and prevent mission failure.",,,,,,,,,,,,
"An allied aircraft has crashed into the ocean after an engine failure, with survivors spotted clinging to debris. Sharks have been reported in the area, and the aircraft is sinking quickly. Rescue teams must act immediately to save lives.",,,,,,,,,,,,
"A chemical container has ruptured in the cargo hold, releasing toxic fumes that are spreading through the ventilation system. Crew evacuation and containment measures are critical to prevent casualties and damage to other stored materials.",,,,,,,,,,,,
"During a scheduled patrol, sabotage devices were discovered on the ship's critical systems, with timers indicating activation in minutes. Rapid identification and neutralization of the devices are necessary to prevent catastrophic failure.",,,,,,,,,,,,
"A sudden electrical failure has left the flagship without power, disabling radar, communication systems, and critical defense mechanisms. The ship is now vulnerable to enemy attack. Engineers must work urgently to restore power and ensure operational capability.",,,,,,,,,,,,
"An enemy frigate has been spotted launching a missile from a distance. The trajectory analysis confirms it's heading toward the flagship. Defensive measures must be initiated at once to intercept and neutralize the incoming threat, or the fleet could face catastrophic consequences.",,,,,,,,,,,,
"All communication and radar systems on the primary battleship have gone dark, making it impossible to detect incoming threats. Crew members are scrambling to manually operate backup systems as enemy aircraft close in, creating a situation that demands immediate attention to avoid detection and potential destruction.",,,,,,,,,,,,
"During an active engagement, the ship’s targeting system failed, leaving it unable to lock on to enemy missiles. The crew is racing to troubleshoot and restore control before the ship is outmaneuvered, jeopardizing the entire fleet's mission and safety.",,,,,,,,,,,,
"An enemy submarine has been detected moving within striking distance of the fleet. Its location is difficult to pinpoint as it weaves between sonar buoys, and the window for response is shrinking. Action must be taken quickly to deploy countermeasures and avoid an ambush.",,,,,,,,,,,,
Several unidentified boats have been seen approaching the supply vessel with suspicious movements. Security teams are quickly assessing their intent as crew members prepare for a potential boarding. The need to secure vital assets and ensure crew safety is immediate to prevent a breach.,,,,,,,,,,,,
"Communication lines with the support vessel have been severed, and attempts to reestablish contact have failed. The absence of information has left the fleet in a vulnerable position, requiring swift coordination to determine the status of the vessel and respond appropriately.",,,,,,,,,,,,
"A radar blip indicates an incoming formation of enemy bombers, approaching at high speed. The ships are scrambling to activate countermeasures while the crew on deck works to assess the severity of the threat. Any hesitation could put the entire battlegroup at risk.",,,,,,,,,,,,
"A sudden explosion in the engine room has disabled propulsion on one of the cruisers, leaving it drifting and vulnerable in the middle of an ongoing battle. Emergency teams are mobilized to contain the damage and restore power before enemy forces seize the opportunity to attack.",,,,,,,,,,,,
"Enemy helicopters have started dropping troops onto the deck of a nearby auxiliary vessel, preparing for a swift takeover. The crew must defend the vessel and prevent further troop landings to maintain control of key assets and prevent an escalation of the battle.",,,,,,,,,,,,
"An enemy destroyer has positioned itself to launch a surprise strike on the supply line, cutting off essential resources needed for the fleet's operations. Rapid adjustments to the defense strategy and immediate deployment of counter-offensive measures are required to protect the lifeline",,,,,,,,,,,,
"An enemy frigate has been spotted launching a missile from a distance. The trajectory analysis confirms it's heading toward the flagship. Defensive measures must be initiated at once to intercept and neutralize the incoming threat, or the fleet could face catastrophic consequences.",,,,,,,,,,,,
"All communication and radar systems on the primary battleship have gone dark, making it impossible to detect incoming threats. Crew members are scrambling to manually operate backup systems as enemy aircraft close in, creating a situation that demands immediate attention to avoid detection and potential destruction.",,,,,,,,,,,,
"During an active engagement, the ship’s targeting system failed, leaving it unable to lock on to enemy missiles. The crew is racing to troubleshoot and restore control before the ship is outmaneuvered, jeopardizing the entire fleet's mission and safety.",,,,,,,,,,,,
"An important convoy carrying critical supplies was scheduled to pass through a high-risk corridor. To protect the cargo, the naval escort team carefully monitored intelligence reports to anticipate threats and adjust their route as needed. The escort strategy focused on minimizing the chance of an ambush and ensuring the cargo reached its destination safely.",,,,,,,,,,,,
"A stealthy submarine was assigned to engage enemy supply lines deep in hostile waters. The mission was designed with precision, using sonar and sonar-absorbing materials to remain undetected. The attack was executed in a way that minimized the risk of counter-attacks and ensured the submarine's escape route was clear.",,,,,,,,,,,,
Specialized surveillance units were deployed to monitor enemy communications and detect any potential plans for an ambush. The operation was executed from a safe distance using high-altitude drones equipped with advanced listening devices. The aim was to gather intelligence while maintaining a safe perimeter to prevent retaliation.,,,,,,,,,,,,
"Under fire from an opposing naval force, the command ship initiated an evacuation of injured personnel, ensuring they were moved to a secure location under the cover of smoke screens and countermeasures. The plan emphasized safety, prioritizing the well-being of the crew while preserving operational capability.",,,,,,,,,,,,
Scouts detected incoming enemy aircraft targeting the carrier group. The command deployed anti-air systems to intercept the missiles and called for evasive maneuvers to protect the core fleet. The objective was to neutralize the threat with minimal exposure and avoid collateral damage that could jeopardize mission integrity.,,,,,,,,,,,,
Several unidentified boats have been seen approaching the supply vessel with suspicious movements. The crew has spotted individuals preparing grappling equipment. Security teams must act swiftly to prevent a hostile boarding and protect critical assets.,,,,,,,,,,,,
"To safely pass through waters believed to be mined, the fleet's lead ship deployed an unmanned mine-clearing vessel. This approach allowed the fleet to bypass potential hazards and reduce the chance of damage to the fleet, maintaining their course with as little risk as possible.",,,,,,,,,,,,
"Intelligence revealed that enemy forces had set up an ambush at a narrow strait that the fleet needed to cross. The command re-routed the course, taking a longer but safer path that avoided the well-camouflaged trap. This decision aimed to achieve the mission goal while safeguarding the fleet's well-being.",,,,,,,,,,,,
"While patrolling close to enemy-controlled shores, the fleet was directed to remain at a safe distance and use advanced radar to monitor enemy movements. This limited the chances of being targeted by shore-based weapons and ensured the fleet could complete its surveillance task with minimal vulnerability.",,,,,,,,,,,,
"Under fire from an opposing naval force, the command ship initiated an evacuation of injured personnel, ensuring they were moved to a secure location under the cover of smoke screens and countermeasures. The plan emphasized safety, prioritizing the well-being of the crew while preserving operational capability.",,,,,,,,,,,,
"An airstrike was planned to eliminate a high-value target on a fortified enemy position. Detailed reconnaissance was conducted to ensure the mission could be executed with pinpoint accuracy, avoiding any risk to civilian areas. The objective was to strike efficiently while safeguarding surrounding assets and lives.",,,,,,,,,,,,
"A radio tower in enemy territory was identified as a strategic communications hub, vital for coordinating enemy attacks. A strike team was deployed with the objective of eliminating the outpost without being detected. The operation focused on stealth and rapid execution to keep the risk level as low as possible.",,,,,,,,,,,,
"During a joint naval exercise, an unexpected radar signal was detected originating from a concealed position near a heavily mined harbor. The fleet commander immediately initiated a controlled maneuver that avoided the hazardous area while maintaining formation integrity. The operation was executed to keep the fleet out of range of potential threats and ensure the mission could continue without interruption.",,,,,,,,,,,,
"An aircraft carrier faced an incoming wave of enemy anti-ship missiles. To mitigate risk, the command ordered a series of evasive maneuvers coupled with electronic countermeasure deployment. This strategy ensured the carrier’s survival while the escort ships engaged in intercepting the missiles, allowing the fleet to maintain its course and operational capabilities.",,,,,,,,,,,,
"A high-priority reconnaissance drone was tasked with gathering intelligence over enemy-held territory. The drone's flight path was carefully planned to follow a route that minimized the exposure to known anti-air defense zones. This approach significantly reduced the likelihood of detection or targeting, ensuring the success of the mission while preserving the asset's safety.",,,,,,,,,,,,
"A naval destroyer was monitoring the approach of a convoy suspected to be carrying contraband. Intelligence reports suggested the convoy had an escort of armed vessels capable of retaliatory strikes. To manage risk, the command decided on a standoff strategy that kept the destroyer at a distance while using long-range sensors and communication intercepts to monitor the convoy’s movements and prevent escalation.",,,,,,,,,,,,
"A sabotage incident was detected involving an onboard power source that could compromise the entire ship’s operational capability. A team was deployed to inspect and contain the issue while maintaining a secure perimeter and keeping damage to the affected area. The careful handling of the situation avoided a complete shutdown, preserving the safety of the crew and preventing disruption to the mission.",,,,,,,,,,,,
"During an operation to secure a naval base in a conflict zone, a series of well-coordinated diversionary tactics was employed to keep enemy units from engaging the main force. Drone strikes, electronic jamming, and false radio transmissions were used to create confusion and direct enemy attention away from the primary assault. This careful planning minimized the chances of encountering enemy fire while achieving the mission objective.",,,,,,,,,,,,
"A naval submersible was tasked with a covert mission to map underwater terrain near a heavily patrolled region. The submersible used specially designed stealth technology to reduce noise, temperature signatures, and visual detection. The careful navigation through channels with low sonar activity minimized the risk of encountering enemy patrols or naval mines.",,,,,,,,,,,,
"An aircraft equipped with long-range radar was deployed to monitor a large body of water known for enemy submersible activity. Instead of flying directly over suspected areas, the aircraft maintained a high altitude and a wide search pattern. This strategy ensured that any enemy response would be delayed, reducing the chances of immediate threats while allowing comprehensive surveillance.",,,,,,,,,,,,
"A routine resupply mission encountered an unplanned interception by hostile aircraft. The command responded by ordering an immediate re-routing to a safer path, accompanied by defensive smoke screens and active countermeasures. This cautious approach allowed the resupply operation to continue without coming under direct attack, preserving critical resources and minimizing exposure.",,,,,,,,,,,,
"During a battle for control over a strategically important strait, a small flotilla was tasked with guarding a critical supply line. The ships used variable speed maneuvers and dispersed formation techniques to avoid becoming a target for concentrated enemy fire. This approach safeguarded the vessels while providing protection to the passage, ensuring that support could reach the main fleet without being intercepted.",,,,,,,,,,,,
"An allied ship was conducting an inspection of an oil tanker suspected of smuggling. The team used unmanned aerial drones to scan the area for any sign of potential threats before boarding. The use of drones for initial reconnaissance provided the crew with an accurate picture of the situation, ensuring that any danger could be identified and neutralized before the team boarded.",,,,,,,,,,,,
"An amphibious landing force was preparing to deploy on a heavily fortified coast. Prior to the landing, reconnaissance revealed a series of anti-ship missile sites positioned to target approaching vessels. To reduce risk, the command coordinated a night operation with electronic countermeasures and chaff deployment to obscure the ship’s path, ensuring the crew’s safety as they established a beachhead.",,,,,,,,,,,,
"A fleet engaged in a pursuit operation designed to capture a fleeing enemy vessel adopted a strategy that kept their position hidden from enemy eyes. By employing decoys, misdirection tactics, and the cover of darkness, the fleet ensured they could approach from unexpected angles, minimizing the chances of interception and damage.",,,,,,,,,,,,
"A long-range anti-submarine operation was initiated to engage an elusive enemy sub. Advanced underwater drones were launched to sweep the area, using passive sonar and sonar-absorbing coatings to avoid being detected. The targeted approach, combined with real-time data analysis, allowed the fleet to neutralize the threat with minimal risk of counter-detection.",,,,,,,,,,,,
"A military command vessel was deployed to oversee the coordination of several allied operations in a high-tension zone. The vessel employed camouflage and concealed its position using natural features like cloud cover and sea spray. The careful use of positioning and environmental factors kept the vessel secure, preventing any potential surprise attacks while overseeing the operation effectively.",,,,,,,,,,,,
"A naval vessel was set to escort a convoy through dangerous waters. The ship’s communication systems were checked daily, with backup plans in place to make sure the crew could always stay in contact. This careful preparation meant that the convoy could travel safely, even if problems arose.",,,,,,,,,,,,
"During an operation to rescue hostages from enemy territory, a helicopter was used to transport the team. The helicopter was tested many times to ensure its engines, navigation, and safety systems would work perfectly under pressure. This way, the crew could trust that the aircraft would perform as needed, no matter what happened.",,,,,,,,,,,,
"A fleet was preparing for a major exercise involving both ships and aircraft. Each unit was equipped with multiple ways to navigate, ensuring they could find their way even if the main system failed. This redundancy meant the operation could continue smoothly and safely without any risk of getting lost.",,,,,,,,,,,,
"A destroyer was sent to patrol waters known for sudden attacks. The ship had extra backup generators and automated systems that would take over if there was a failure in the main power supply. This setup made sure the ship could keep moving and defend itself at all times, even during unexpected issues.",,,,,,,,,,,,
"An unmanned drone was tasked with collecting important data over enemy territory. The drone was designed with durable parts that could handle rough weather and potential damage. This careful planning made sure it could do its job without problems, even in difficult conditions.",,,,,,,,,,,,
"A navy ship was involved in a long-term mission that required it to stay at sea for weeks. The ship had regular checks on all important systems, from engines to safety equipment, to make sure they would always work when needed. This way, the crew knew that even in tough situations, the ship could rely on its equipment.",,,,,,,,,,,,
"During an emergency, a supply ship needed to reach a stranded team. The ship was prepared with two navigation systems, one that was satellite-based and another that used radar, so it could still find its way even if one failed. This setup made the mission more reliable, ensuring the team could get help without delay.",,,,,,,,,,,,
"An aircraft carrier was conducting a training drill involving many planes taking off and landing at once. The landing systems were designed to work reliably, with a backup system in case of any failure. This meant that even if there was a technical problem, the planes could land safely and the exercise could continue without interruptions.",,,,,,,,,,,,
"A warship was tracking enemy submarines using sonar. The sonar had a second system that would kick in if the main one failed. This ensured that the ship could always detect enemy submarines, keeping the crew and the mission safe.",,,,,,,,,,,,
"A command center needed to coordinate multiple ships and aircraft during a mission. To make sure communication never stopped, there were extra satellite connections that would take over if the main line failed. This setup meant that the command center could keep giving orders and receiving updates, making the mission more reliable.",,,,,,,,,,,,
"The command ship was equipped with dual communication and power systems to ensure operations could continue seamlessly, even in the event of unexpected failures. This setup was essential for maintaining control and coordination throughout the mission, regardless of any technical issues that might arise.",,,,,,,,,,,,
"During a critical operation to transport supplies to an isolated base, every vehicle was fitted with backup engines and navigation tools. This careful planning meant that each vehicle could complete its mission without interruption, even if a primary system experienced a malfunction.",,,,,,,,,,,,
"A submarine was deployed to perform reconnaissance near enemy territory. Its onboard systems were designed to handle sudden technical challenges, with multiple layers of backup that could take over without delay. This design ensured that the vessel would remain operational, allowing the mission to be carried out without setbacks.",,,,,,,,,,,,
"An air fleet was preparing for an intensive series of maneuvers that required perfect coordination. Each aircraft had secondary avionics and communication channels that were activated if the primary systems failed. This meant the aircraft could continue their mission without disruption, even in adverse conditions.",,,,,,,,,,,,
"Escort ships in a convoy were fitted with advanced detection and defense systems that were rigorously tested to withstand unexpected malfunctions. The aim was to ensure that any threat could be identified and countered without hesitation, keeping the convoy safe throughout its journey.",,,,,,,,,,,,
"The rescue operation team used specialized drones equipped with redundant control systems and power sources. These drones were designed to stay operational even if one system failed, ensuring that the mission could proceed without pause or delay.",,,,,,,,,,,,
"A carrier tasked with protecting an allied fleet was outfitted with backup radar and tracking systems that could be activated instantly if the primary ones failed. This approach ensured that the carrier could maintain its defensive stance, regardless of electronic disruptions or mechanical issues.",,,,,,,,,,,,
"A supply ship was being prepared for a mission in a high-risk zone. The vessel had been modified with reinforced power circuits and multiple navigation systems that could take over if the main system encountered an issue. This redundancy ensured that the mission could continue smoothly, even when facing unexpected challenges.",,,,,,,,,,,,
A warship in the middle of a prolonged operation relied on its secondary power sources and emergency backup equipment to stay operational in the event of a sudden malfunction. This design approach meant that the ship could continue to perform its duties without needing an immediate return to port.,,,,,,,,,,,,
"A fast-response unit was trained to perform missions under challenging conditions, using vehicles with dual-engine setups and multiple communication pathways. This design approach was intended to guarantee that the unit could respond effectively to any situation, even if one part of the system failed,",,,,,,,,,,,,
"The maintenance crew conducted daily checks on the ship’s propulsion system to make sure it would always function when needed. This routine included inspecting fuel lines, cooling systems, and backup generators to ensure that even if the main power source failed, the ship could continue moving without interruption.",,,,,,,,,,,,
"The engineering team had established a detailed schedule for equipment maintenance that included checking mechanical parts, electrical circuits, and sensors. Every component was tested for proper performance, ensuring that no unexpected breakdowns would affect the ship’s ability to carry out its duties.",,,,,,,,,,,,
"Regular maintenance of the ship's radar and navigation systems was conducted to confirm their accuracy and functionality. This work included cleaning and recalibrating equipment, replacing worn-out parts, and ensuring that alternative systems were ready to take over if the main one faltered.",,,,,,,,,,,,
"The ship's onboard machinery was fitted with diagnostic sensors that continuously monitored their condition. Maintenance teams reviewed these readings in real-time, allowing them to catch potential issues early and perform necessary adjustments. This proactive approach ensured that systems remained fully operational when the ship was at sea.",,,,,,,,,,,,
"Maintenance of the ship’s weapons systems was a top priority, with technicians routinely inspecting, calibrating, and testing each gun and missile launcher. This approach made sure that all equipment would perform as expected when the time came, and any small issue was addressed before it could escalate.",,,,,,,,,,,,
"To maintain the effectiveness of onboard communication systems, the crew performed thorough checks and updates to the software and hardware. Spare components were kept on hand for quick replacements, ensuring that no disruption in communication would occur during missions.",,,,,,,,,,,,
"Each machine in the engine room was subjected to regular maintenance cycles that included oil changes, pressure checks, and part replacements as needed. This kept the engines running smoothly and allowed the ship to continue its course without any unexpected delays or mechanical failures.",,,,,,,,,,,,
The ship’s cooling and ventilation systems were inspected frequently to ensure they were functioning properly. This was particularly important in preventing overheating of the engine rooms and other vital equipment. Any detected issue was fixed quickly to maintain smooth operation and prevent potential breakdowns.,,,,,,,,,,,,
"All power generation units onboard had a detailed maintenance plan that included monthly checks, load testing, and backup power system evaluations. These measures were in place to ensure that, in case of any issue with the main generators, the backup systems would engage without a delay, keeping all equipment running smoothly.",,,,,,,,,,,,
"The maintenance team used advanced monitoring tools to keep an eye on the health of the ship’s hydraulic and fuel systems. Regular flushing, cleaning, and part replacements were conducted to prevent clogs and malfunctions. This approach minimized the chances of system failures during crucial operations.",,,,,,,,,,,,
"The ship’s crew adhered strictly to a well-defined maintenance schedule to ensure all equipment was prepared for any unexpected mission. Timely oil changes, engine checks, and part replacements were done without fail to ensure optimal performance when required.",,,,,,,,,,,,
"The fleet formation was meticulously planned to follow strict guidelines for spacing and coordination. Each vessel maintained its designated position and speed, ensuring that the group moved as one unified entity, perfectly aligned for the mission.",,,,,,,,,,,,
"During a naval exercise, every ship in the fleet followed the exact sequence of movements as laid out in the training plan. This high degree of conformance meant that each maneuver was executed with precision, showcasing the ships’ ability to maintain formation and follow orders without deviation.",,,,,,,,,,,,
"When a missile strike was ordered, the gunners on each ship made sure to align their fire sequences with the mission’s overall strategy. Every shot was synchronized according to the plan, ensuring that the strike achieved maximum impact while maintaining safety and coordination.",,,,,,,,,,,,
"To prevent the risk of deviation during a coordinated naval maneuver, every ship’s navigation system was programmed with specific waypoints and speed limits. This ensured that each vessel followed the designated route exactly, avoiding unplanned course changes.",,,,,,,,,,,,
"During a high-priority mission, the team made sure that the orders from command were communicated clearly and followed precisely. This included navigation paths, weapon engagement rules, and timing for critical maneuvers, ensuring that every crew member acted in line with the directives.",,,,,,,,,,,,
The operations center had a clear schedule for when and how equipment should be tested. These checks were completed on time to ensure that every system on board met operational standards and could be trusted to perform when needed.,,,,,,,,,,,,
"A submarine’s dive and surface operations were timed and controlled according to a strict protocol, ensuring conformance to safety regulations and mission plans. This systematic approach prevented accidental breaches of depth limits and ensured the submarine could complete its mission safely.",,,,,,,,,,,,
"The crew practiced strict adherence to mission timelines, with each team member responsible for executing their tasks at specific points in the operation. This structured approach allowed the mission to proceed as planned, without delays or confusion.",,,,,,,,,,,,
"During combat drills, every gun crew followed a strict procedure for aiming and firing, ensuring that the rate and timing of shots were aligned with the ship’s overall strategy. This consistency meant that the exercises simulated real combat conditions accurately.",,,,,,,,,,,,
"The supply team maintained an organized schedule for refueling and resupply, ensuring that the ship was always ready for extended missions. Timely deliveries and refueling kept all systems running without interruption and conformed to the ship’s operational requirements.",,,,,,,,,,,,
"An aircraft carrier's launch and recovery operations were synchronized to a precise schedule to avoid any conflicts or delays. Each plane launched and returned at designated intervals, maintaining an ordered flow that conformed to safety and operational plans.",,,,,,,,,,,,
"The formation of ships during a strategic operation was designed to ensure that no vessel strayed from its designated position. This allowed the fleet to present a united front and respond to threats efficiently, maintaining perfect conformance to the battle plan.",,,,,,,,,,,,
The speed of a ship was carefully controlled during transit to ensure it conformed to the operational strategy. This included adjusting speeds to synchronize with other vessels in the formation and to match the overall pace set by command.,,,,,,,,,,,,
"During an exercise involving simulated missile launches, each crew member adhered to detailed instructions on preparation and launch timing. This conformance ensured the strike pattern was achieved accurately, replicating real combat scenarios.",,,,,,,,,,,,
"To ensure coordinated troop deployment, each transport vessel was required to follow strict departure and arrival schedules. Conformance to this timeline ensured that troops disembarked simultaneously and were positioned as planned for the mission.",,,,,,,,,,,,
The onboard team conducted routine checks on safety equipment to confirm that all emergency procedures were in place and ready for action. Conformance to these safety protocols ensured that the crew could respond efficiently if an emergency occurred.,,,,,,,,,,,,
"Before starting a long-range mission, the crew reviewed the route and mission orders to confirm conformance to the given plan. This step prevented navigational errors and ensured that the path was followed as intended.",,,,,,,,,,,,
"The radar systems were calibrated to ensure conformance with the mission’s detection parameters. This careful setup made sure that no targets were missed, and the ship maintained a consistent, strategic watch over its area of responsibility.",,,,,,,,,,,,
"A destroyer was ordered to engage in a defensive pattern during a surprise attack. The crew followed a pre-set procedure, maintaining conformance to the defense strategy. This allowed the ship to react quickly and accurately to incoming threats.",,,,,,,,,,,,
"The crew monitored the ship’s engine performance to ensure that it conformed to the speed and power requirements outlined in the mission plan. Regular checks allowed for adjustments as needed, keeping the ship on course and within operational limits.",,,,,,,,,,,,
"During a mock battle scenario, each unit was assigned a role and given instructions on how to respond to simulated enemy tactics. The units followed these instructions precisely, ensuring that each action conformed to the overall battle strategy.",,,,,,,,,,,,
"During a joint operation involving multiple countries’ fleets, strict communication protocols were followed to ensure conformance to the agreed-upon strategy. This allowed for smooth coordination and reduced the chance of miscommunication.",,,,,,,,,,,,
"The ship’s command system was programmed with precise orders for fire control, ensuring that weapons engaged only when needed and followed the firing sequence as outlined in the plan. This adherence ensured that the ship’s offensive actions were well-coordinated and aligned with mission goals.",,,,,,,,,,,,
The maintenance team followed a rigorous schedule for inspecting critical systems like the propulsion and navigation units. This conformance to the maintenance timeline ensured that all equipment was in optimal working condition and ready for operational use.,,,,,,,,,,,,
"For training exercises, each member of the crew was briefed on their exact duties and the timeline for their actions. This strict conformance ensured that every drill was executed as planned, preparing the crew for real missions with confidence.",,,,,,,,,,,,
The ship's communication system was synced with command’s central operations to ensure conformance to orders and real-time updates. This ensured that any change in strategy could be quickly communicated and acted upon without deviation.,,,,,,,,,,,,
"In preparation for an amphibious assault, landing craft followed precise timings for departure and deployment. This conformance allowed troops to land at their designated points, ensuring that the operation unfolded as planned.",,,,,,,,,,,,
The aircraft on a carrier were assigned specific positions and had to adhere to a scheduled take-off and landing protocol. This conformance ensured safe operations on the busy deck and allowed for efficient deployment of air support during missions.,,,,,,,,,,,,
The engineering team adhered to a strict checklist to confirm that all ship systems met the required standards before setting out on a mission. This approach ensured that each piece of equipment was ready and in conformance with operational expectations.,,,,,,,,,,,,
"The maintenance crew worked around the clock to ensure that no critical system on board went offline. Spare parts were kept readily available, and repair protocols were in place to address issues swiftly, ensuring that the ship could continue its mission with minimal disruption.",,,,,,,,,,,,
"The operations center closely monitored all equipment, checking for potential issues before they could escalate. Each system was tested regularly to catch malfunctions early, preventing unplanned halts during critical missions.",,,,,,,,,,,,
"When the fleet was on an extended deployment, the engineers made sure to conduct preemptive maintenance on all communication equipment. This approach allowed the crew to stay connected without interruptions, even in the middle of intense operations.",,,,,,,,,,,,
"All key machinery, from propulsion units to radar systems, was fitted with sensors that flagged potential failures. The crew acted quickly upon these warnings, ensuring that operations were not disrupted and the ship could continue with its mission without delay.",,,,,,,,,,,,
"The ship's supply team implemented a rotation system for critical systems, ensuring that no part was overused. This reduced wear and tear, keeping essential equipment functioning smoothly and avoiding unexpected breakdowns.",,,,,,,,,,,,
The captain ordered regular drills to practice system recovery in case of failures. These exercises ensured that the crew could respond to issues quickly and maintain operational continuity without pausing the mission.,,,,,,,,,,,,
"To ensure a seamless operation, every maintenance task was documented and planned according to a tight schedule. The crew made sure to complete tasks during off-hours to prevent disruptions during peak mission times.",,,,,,,,,,,,
"The fleet commander mandated that each ship have a dedicated maintenance team ready to handle repairs without delaying the mission. These teams were equipped to make quick repairs, enabling ships to return to full operation swiftly.",,,,,,,,,,,,
"During a high-stakes operation, backup generators were tested frequently to confirm that they could take over seamlessly if needed. This preventive measure ensured that the ship's systems would stay powered without interruptions.",,,,,,,,,,,,
"The aircraft carrier used automated monitoring tools to check the status of all engines and flight equipment. This system detected potential issues in advance, so the crew could take corrective action before any interruption occurred.",,,,,,,,,,,,
"Before heading into a mission, the engineering team reviewed and optimized the ship's operational schedule to prevent equipment from being overtaxed. This allowed systems to stay functional and reduced the chance of unexpected stoppages.",,,,,,,,,,,,
"The crew was trained to execute rapid response protocols for equipment malfunctions. This minimized the time lost during repairs and allowed for continuous operations, especially during complex maneuvers and combat situations.",,,,,,,,,,,,
"The engine room team followed a strict plan for maintenance and inspections. By systematically checking each engine component at scheduled intervals, they ensured that the vessel’s propulsion systems remained operational without unexpected downtime.",,,,,,,,,,,,
"The maintenance schedule for the fleet included preventive checks every Maximum ReliabilityMinimum Downtime hours, ensuring that any developing issue could be caught early and corrected. This routine kept the fleet in motion and mission-ready without interruption.",,,,,,,,,,,,
"The ship’s radar and sonar systems were built with redundancy, allowing the secondary systems to engage instantly if the primary system failed. This dual setup ensured that the ship could continue surveillance with no loss of time.",,,,,,,,,,,,
"In preparation for a major naval exercise, the command ship had all critical systems tested and verified, including navigation and communication. This allowed the ship to proceed without disruptions, ensuring continuous command and control throughout the operation.",,,,,,,,,,,,
"The onboard technicians were always on alert, ready to switch out faulty components with spares that were pre-positioned. This practice minimized any halt in operations, allowing the ship to stay on mission with minimal pauses.",,,,,,,,,,,,
"During a mission to transport troops and equipment, the logistics team ensured that backup supply lines were in place. This approach avoided delays in case of an unexpected equipment malfunction, ensuring continuous progress.",,,,,,,,,,,,
"A comprehensive review of equipment wear was performed regularly to predict and preempt failures. This data-driven approach allowed the crew to plan repairs during less critical times, ensuring the mission continued without significant interruptions.",,,,,,,,,,,,
"The fleet’s communication systems were outfitted with multiple lines of transmission to prevent any single point of failure. This redundancy ensured that communication was always available, minimizing interruptions to operational coordination.",,,,,,,,,,,,
"During high-intensity operations, the crew practiced smooth transitions to backup systems for everything from radar to engine propulsion. These practices guaranteed that the ship would continue operating without time lost for repairs.",,,,,,,,,,,,
"A protocol was in place to quickly isolate malfunctioning parts from the rest of the system. This reduced the chance of issues spreading, enabling the ship to continue using other operational systems without a halt.",,,,,,,,,,,,
Equipment updates and patches were performed during non-mission times to ensure that they did not affect operations. This practice kept systems current and reduced the chance of disruptions during critical missions.,,,,,,,,,,,,
The fleet regularly conducted synchronization drills where each vessel ensured its equipment was at peak performance. This consistent approach meant that there were no sudden technical failures that could delay the operation.,,,,,,,,,,,,
The engineering team used advanced diagnostic tools to anticipate potential issues and planned repairs in advance. This reduced the need for emergency repairs during high-stakes missions and kept the ship running continuously.,,,,,,,,,,,,
"Prior to leaving port, all systems were checked, and maintenance was completed to avoid interruptions at sea. The crew was equipped to handle minor issues efficiently, minimizing time lost and ensuring the ship’s readiness.",,,,,,,,,,,,
The fleet commander implemented a system of scheduled maintenance that coincided with the least active periods of operation. This ensured that the ship and its systems were always functioning smoothly and ready for action without unplanned stops.,,,,,,,,,,,,
The onboard crew was trained to troubleshoot minor issues without needing to pull a system offline completely. This approach allowed the ship to remain operational even if a part required attention.,,,,,,,,,,,,
"When a mission required the fleet to move at maximum speed, all ships had been prepped with checks to ensure propulsion systems would not fail. This preparation ensured that there was no time lost during the operation due to unexpected issues.",,,,,,,,,,,,
"During extended missions, the technical team used remote monitoring systems to diagnose potential issues before they became serious. This proactive approach allowed for timely intervention and kept the mission on schedule without halts.",,,,,,,,,,,,
"Backup systems were continuously tested under simulated conditions to confirm their readiness. These drills ensured that in the event of a primary system issue, the ship could continue its operations without any lapse in performance.",,,,,,,,,,,,
The crew followed an operational playbook that emphasized rapid response and recovery for any minor system failures. This plan reduced downtime and allowed the mission to progress smoothly.,,,,,,,,,,,,
The maintenance schedule was strategically planned to ensure critical systems were inspected without interfering with peak mission times. This approach minimized interruptions and kept the ship fully operational.,,,,,,,,,,,,
"To maintain momentum during critical operations, the team ensured that all spare parts were organized and accessible for immediate use. This practice reduced repair times and allowed the ship to continue its mission with minimal interruption.",,,,,,,,,,,,
The radar and communication systems were maintained with dual power sources so that one could take over immediately if the other experienced an issue. This ensured that the ship’s situational awareness remained unaffected.,,,,,,,,,,,,
"A dedicated repair team was always available on standby, capable of handling minor issues during a mission without significant delays. This rapid response helped the ship maintain continuous operation.",,,,,,,,,,,,
"All major components of the ship were inspected regularly, focusing on high-wear parts that could affect performance. This approach ensured that the ship was prepared for any sudden operational needs without a gap in function.",,,,,,,,,,,,
"During a multi-day exercise, the onboard crew ensured that all equipment was serviced and in peak condition. Any minor faults were addressed swiftly, preventing extended stops and keeping the mission going without a hitch.",,,,,,,,,,,,
"The onboard team carried out drills that simulated common issues to practice efficient fixes. This preparation helped the crew respond quickly during actual missions, reducing the amount of time lost for any required repair.",,,,,,,,,,,,
The ship's operational schedule included buffer periods specifically reserved for quick fixes and preemptive inspections. This setup reduced the chance of any unexpected downtime during critical mission periods.,,,,,,,,,,,,
The maintenance team implemented cost-effective procedures that focused on using standard parts wherever possible. This approach minimized the overall expenditure on repairs and kept operational budgets under control.,,,,,,,,,,,,
"Routine checks and preventive maintenance were scheduled to avoid unexpected, costly repairs. By ensuring that all equipment functioned properly before issues escalated, the fleet reduced its long-term maintenance expenses.",,,,,,,,,,,,
The ship's engineering team optimized spare part inventory to ensure that only essential components were stocked. This strategic approach helped reduce unnecessary expenditures while still maintaining high operational standards.,,,,,,,,,,,,
The fleet commander established a policy for using refurbished components when feasible. This not only extended the life of critical equipment but also ensured maintenance expenses stayed within budget.,,,,,,,,,,,,
"To keep costs down, the crew followed guidelines that prioritized repairs based on urgency and impact on mission success. This strategy allowed for efficient allocation of financial resources and reduced waste.",,,,,,,,,,,,
"The team trained in cost-effective troubleshooting, focusing on identifying issues that could be resolved with minimal parts and time. This reduced repair costs and avoided extended downtimes that would increase expenses.",,,,,,,,,,,,
"The ship’s operational procedures included a plan for reusing certain machine parts, where applicable. This helped save on the cost of replacing entire assemblies while still maintaining functionality.",,,,,,,,,,,,
"Budget-conscious policies were implemented for non-essential upgrades. The crew prioritized critical equipment repairs and improvements, ensuring that all expenditures were necessary and aligned with mission goals.",,,,,,,,,,,,
"The maintenance schedule included thorough inspections to prevent premature equipment failure. By addressing minor issues early, the team minimized the likelihood of larger, more expensive repairs later.",,,,,,,,,,,,
Each ship was equipped with a cost analysis tool to track maintenance expenses. This allowed for better budgeting and the identification of cost-saving opportunities in maintenance procedures.,,,,,,,,,,,,
The engineering department conducted joint training sessions for all crew members to reduce reliance on external contractors. This in-house capability helped minimize labor costs while improving repair speed and efficiency.,,,,,,,,,,,,
"During equipment repairs, teams used multi-purpose tools and equipment to avoid purchasing specialized tools that were only used occasionally. This helped reduce operational expenses.",,,,,,,,,,,,
"Preventive maintenance schedules were designed to align with operational downtime, ensuring that repair costs did not interfere with mission readiness. This approach reduced overall maintenance expenses and avoided costly disruptions.",,,,,,,,,,,,
"The fleet adopted a ""first to fix"" policy, ensuring that the most straightforward repairs were done quickly and efficiently. This kept costs low and maintained the ships in good working order.",,,,,,,,,,,,
The supply chain management system was optimized to reduce the cost of transporting and storing spare parts. This helped keep maintenance costs down without sacrificing part quality.,,,,,,,,,,,,
"The engineering team focused on training that emphasized cost-effective repair techniques, reducing the need for expensive repairs and long-term service contracts with external vendors.",,,,,,,,,,,,
"Maintenance reports were analyzed for trends that indicated high-cost issues, allowing the team to implement proactive measures that reduced recurring expenses over time.",,,,,,,,,,,,
"Routine maintenance included cleaning and simple fixes that extended the lifespan of equipment, thereby delaying the need for costly replacements and repairs.",,,,,,,,,,,,
"The fleet introduced a policy for sharing spare parts between ships, reducing the need to stock extensive supplies for each vessel and optimizing resource allocation.",,,,,,,,,,,,
"The team used data from past maintenance logs to identify parts and systems prone to failure. This allowed the crew to replace them preemptively, reducing the likelihood of sudden, costly breakdowns.",,,,,,,,,,,,
"The procurement department focused on negotiating better deals for bulk purchases of essential supplies, leading to significant cost savings across all maintenance activities.",,,,,,,,,,,,
"The crew maintained detailed records of repairs and costs, allowing for the identification of areas where expenses could be reduced without compromising safety or mission success.",,,,,,,,,,,,
"During long missions, the team used energy-saving protocols that reduced fuel consumption, minimizing operational costs without affecting the mission's outcome.",,,,,,,,,,,,
The engineering team established partnerships with trusted local suppliers to reduce shipping and customs fees on essential parts. This strategic decision lowered procurement costs while maintaining part quality.,,,,,,,,,,,,
"The onboard training program emphasized resourcefulness and cost-awareness, teaching the crew how to maintain equipment with fewer resources while ensuring that operations were not compromised.",,,,,,,,,,,,
The maintenance team used advanced diagnostic software that helped pinpoint issues early and accurately. This approach minimized the time and cost of troubleshooting while ensuring swift repairs.,,,,,,,,,,,,
"The fleet implemented a shared repair facility to pool resources and expertise, minimizing the cost of major repairs and making the process more efficient across multiple ships.",,,,,,,,,,,,
The crew was trained to assess the true necessity of repairs before undertaking them. This helped prevent unnecessary spending and kept the maintenance budget on track.,,,,,,,,,,,,
"A comprehensive review of high-cost repair parts led to the substitution of more affordable alternatives, maintaining performance while reducing long-term expenses.",,,,,,,,,,,,
The fleet commander encouraged periodic reviews of maintenance contracts with third-party providers to ensure the best rates were secured. This policy helped reduce maintenance-related costs without affecting service quality.,,,,,,,,,,,,
"The engineering team at the naval base developed a proactive approach to maintenance, scheduling regular inspections and minor repairs during off-peak hours. This strategy minimized disruptions to operational readiness, ensuring that all ships in the fleet remained ready for deployment at any given moment. By maintaining a continuous readiness state, commanders could confidently deploy vessels as needed without waiting for unexpected repairs to be completed.",,,,,,,,,,,,
"A comprehensive system of redundancy was put in place, ensuring that critical systems such as propulsion, communication, and navigation could be backed up by alternate units. This strategy meant that even if one part of the ship’s machinery failed, the backup system could immediately take over, keeping the ship operational and preventing unnecessary downtime during critical missions.",,,,,,,,,,,,
"The supply chain management for ship maintenance was streamlined to ensure that parts and materials were consistently available. Supply hubs were strategically placed in key locations to allow for quick access to high-demand components. This system enabled the fleet to conduct urgent repairs without waiting for long shipping times, thus preserving operational capacity.",,,,,,,,,,,,
"The ship's crew underwent cross-training to ensure that every member could handle multiple roles during operations. This cross-functional training allowed the ship to remain fully operational, even in cases where personnel were unavailable due to illness or unforeseen circumstances. With this approach, the ship’s availability was maintained through a versatile and adaptable crew ready to handle any situation.",,,,,,,,,,,,
"Preventive maintenance schedules were synchronized across the fleet to ensure that no ship was undergoing repairs at the same time, creating a situation where at least one ship was always mission-ready. This strategic alignment reduced the risk of multiple vessels needing extensive maintenance simultaneously, which could otherwise compromise the fleet’s operational capability.",,,,,,,,,,,,
"To maximize availability, each ship was outfitted with diagnostic tools that monitored equipment health in real-time. These tools identified potential issues before they led to serious malfunctions, allowing the crew to conduct timely repairs. This proactive approach ensured that the vessels remained operational without significant delays, maintaining their readiness for urgent deployment.",,,,,,,,,,,,
"The fleet command established a ""rolling maintenance"" approach, where different sections of each ship were worked on in rotations. This ensured that while one part of the ship underwent service, the rest of the systems remained functional. By carefully planning this maintenance, fleet availability was maintained at the highest level possible, allowing for continuous mission readiness.",,,,,,,,,,,,
"The fleet commander implemented a rigorous protocol for handling emergency repairs. When a critical system failure occurred during a mission, the response team was trained to respond swiftly, using pre-packed toolkits and ready-to-use components stored on board. This rapid response capability meant that operational status could be restored without extensive downtime, keeping the ship available for further missions.",,,,,,,,,,,,
The onboard workshops were upgraded with state-of-the-art equipment and spare part storage systems that allowed for quick and efficient repairs. Staff were trained to operate these new systems and could repair or replace faulty components within a matter of hours. This practice ensured that the ships’ essential systems were restored to full functionality with minimal interruption.,,,,,,,,,,,,
"A specialized team of engineers was kept on standby for emergency deployment to other ships in the fleet. These experts could perform quick and detailed repairs when needed, maintaining maximum availability and minimizing time lost due to equipment failures. The presence of this team ensured that even in cases of significant damage, the fleet’s readiness was preserved.",,,,,,,,,,,,
"The maintenance schedule included a system where critical machinery was rotated for servicing, ensuring that no single component failed during the operational peak. Spare parts were kept in a state of readiness, allowing for the replacement of components that showed signs of wear without affecting the ship's overall performance.",,,,,,,,,,,,
"The ship’s central control system was equipped with sensors that monitored operational data, predicting potential failures before they could occur. When a component reached a pre-determined threshold, the system alerted the crew to begin preparations for replacement. This preventive maintenance strategy ensured that no equipment failure caught the crew by surprise, keeping the ship available for deployment at all times.",,,,,,,,,,,,
"Dedicated teams were tasked with monitoring equipment logs and analyzing data from previous missions to identify patterns that could indicate impending failures. This proactive measure ensured that maintenance tasks were anticipated and performed in advance, keeping the ship ready for its next mission with minimal downtime.",,,,,,,,,,,,
"The naval base introduced an automated alert system that communicated real-time information to both the maintenance teams and the command center. This system enabled quicker response times when equipment failures occurred, allowing the crew to execute immediate corrective actions and resume full operational status without delay.",,,,,,,,,,,,
"During high-intensity operations, the ships adopted a “mission-first” approach that prioritized immediate fixes over complete overhauls. This allowed the crew to keep critical systems working and avoid losing valuable time that would impact mission success. Maintenance teams were on high alert, prepared to make minor adjustments as needed to maintain full ship availability.",,,,,,,,,,,,
"A system of regular drills was implemented, where crew members practiced rapid response scenarios that involved sudden equipment failures. These drills ensured that in a real-life emergency, the crew knew exactly how to troubleshoot and repair critical systems swiftly, allowing the ship to continue its mission without downtime.",,,,,,,,,,,,
"All ships in the fleet were outfitted with dual-engine systems that could operate independently, allowing them to continue on mission even if one engine required immediate repairs. This design choice reduced the likelihood of a ship being completely out of commission during a mission, promoting continuous operational availability.",,,,,,,,,,,,
"Scheduled training for maintenance personnel included simulations where they practiced replacing crucial equipment components within tight timeframes. This ensured that when real equipment failures occurred, they could be addressed quickly, minimizing delays and maintaining mission readiness.",,,,,,,,,,,,
"In preparation for rapid deployment, the ship's parts inventory was managed to ensure that only essential and highly used components were stored in excess. This allowed the crew to focus their resources on keeping critical systems available without running into logistical issues.",,,,,,,,,,,,
"The ship's operation strategy incorporated mission-specific plans to rotate maintenance activities based on operational needs, ensuring that even in extended missions, some parts of the ship were always in working order and available for use.",,,,,,,,,,,,
"Strategic planning involved rotating the ship's crew to avoid overworking any single team. This ensured that crew fatigue did not impair the ship’s availability, as rested crew members were more effective in managing the ship’s systems and conducting timely repairs.",,,,,,,,,,,,
"Maintenance teams worked under a policy where repairs were done in phases, targeting the most critical components first and allowing other sections to continue functioning while work was completed. This approach kept the ship operational even during extended repair periods.",,,,,,,,,,,,
"To maximize operational readiness, the fleet used modular design systems that allowed quick replacement of entire units rather than repairing parts individually. This saved valuable time during repairs and kept the ship on mission, ready for whatever tasks were needed.",,,,,,,,,,,,
"The fleet implemented continuous training for all members to ensure that emergency procedures were well-practiced and second nature. This preparedness reduced the time needed for response when an issue arose, keeping the fleet operational and mission-ready.",,,,,,,,,,,,
"Onboard diagnostic systems constantly monitored the performance of engines, sensors, and navigational tools, generating reports that could be reviewed in real-time. Any anomalies were immediately flagged, allowing the crew to take preventive actions and ensure that operations continued seamlessly.",,,,,,,,,,,,
"A designated logistics team was responsible for maintaining an efficient flow of parts and repair materials. By optimizing the transportation of these materials, downtime for critical repairs was minimized, enabling ships to maintain operational availability at all times.",,,,,,,,,,,,
The command center included a comprehensive resource allocation system that prioritized repairs based on the urgency and impact on mission success. This allowed for quick decision-making that ensured essential components were attended to immediately and ships remained fully operational.,,,,,,,,,,,,
"Comprehensive inventories were maintained to ensure that backup power supplies and essential spare parts were always available. When a failure occurred, the necessary replacements were readily accessible, allowing repairs to be performed quickly and with minimal downtime.",,,,,,,,,,,,
"The engineering team implemented modular maintenance kits that included all the components needed to address common issues. These kits could be deployed anywhere on the ship, enabling crew members to handle repairs efficiently without the need for extensive preparation.",,,,,,,,,,,,
"The command ship adopted a policy where a subset of the crew was designated as ""on-call"" for urgent repair tasks. These team members were kept informed of real-time operational data and could quickly respond to any urgent repairs, ensuring uninterrupted availability.",,,,,,,,,,,,
"Each ship's maintenance log was tracked in a centralized system that allowed fleet-wide visibility. This enabled command to anticipate and schedule repairs without overlapping, ensuring that at least some ships in the fleet were available for immediate operations.",,,,,,,,,,,,
"Routine operations were adapted to ensure that systems only underwent necessary updates and repairs, avoiding any work that could potentially make a ship unavailable for missions. This meticulous scheduling kept the fleet at high readiness levels.",,,,,,,,,,,,
"The implementation of detailed and well-practiced contingency plans meant that if a ship needed immediate repairs, backup systems could be activated, and critical services maintained while primary systems were being attended to.",,,,,,,,,,,,
"Each ship in the fleet was equipped with diagnostic software that could identify potential problems in advance. This predictive capability allowed the maintenance teams to conduct preemptive repairs, ensuring equipment and ship systems remained in top operational shape.",,,,,,,,,,,,
"The command center created an emergency response unit that could be deployed at a moment’s notice to any ship in the fleet facing a significant issue. These specialists had the equipment and expertise needed to make repairs swiftly and efficiently, restoring operational status without delay.",,,,,,,,,,,,
"The naval base organized bi-annual audits of equipment and machinery, ensuring that any potential issue was identified and resolved in advance. This maintained consistent availability and prevented unexpected failures that would impact mission readiness.",,,,,,,,,,,,
"The team responsible for maintaining the ship’s navigation systems routinely conducted updates and quick tests, ensuring that the ship remained capable of completing its path without delays. This routine maintenance kept all navigational tools available and operational.",,,,,,,,,,,,
"Repair procedures were streamlined to prioritize the quick diagnosis of issues and immediate corrective action. The result was that damage or failure could be assessed and repaired with minimal delay, preserving the ship’s availability.",,,,,,,,,,,,
"The use of mobile repair units was established to support ships at sea. These units could board the vessel, complete necessary repairs, and return to base without extensive downtime, maintaining high operational readiness.",,,,,,,,,,,,
"Every ship in the fleet underwent thorough pre-deployment checks that verified that all operational systems were running at peak performance. These checks were designed to catch any issues early and initiate repairs before the ship set sail, ensuring a high state of availability throughout any mission.",,,,,,,,,,,,
